{
	"parent": "item/generated",
	"textures": {
	  "layer0": "patina_copper:item/copper_chestplate"
	},
	"overrides": [
    {
      "model": "patina_copper:item/trims/chestplate/copper_chestplate_quartz_trim",
      "predicate": {
        "trim_type": 0.1
      }
    },
    {
      "model": "patina_copper:item/trims/chestplate/copper_chestplate_iron_trim",
      "predicate": {
        "trim_type": 0.2
      }
    },
    {
      "model": "patina_copper:item/trims/chestplate/copper_chestplate_netherite_trim",
      "predicate": {
        "trim_type": 0.3
      }
    },
    {
      "model": "patina_copper:item/trims/chestplate/copper_chestplate_redstone_trim",
      "predicate": {
        "trim_type": 0.4
      }
    },
    {
      "model": "patina_copper:item/trims/chestplate/copper_chestplate_copper_trim",
      "predicate": {
        "trim_type": 0.5
      }
    },
    {
      "model": "patina_copper:item/trims/chestplate/copper_chestplate_gold_trim",
      "predicate": {
        "trim_type": 0.6
      }
    },
    {
      "model": "patina_copper:item/trims/chestplate/copper_chestplate_emerald_trim",
      "predicate": {
        "trim_type": 0.7
      }
    },
    {
      "model": "patina_copper:item/trims/chestplate/copper_chestplate_diamond_trim",
      "predicate": {
        "trim_type": 0.8
      }
    },
    {
      "model": "patina_copper:item/trims/chestplate/copper_chestplate_lapis_trim",
      "predicate": {
        "trim_type": 0.9
      }
    },
    {
      "model": "patina_copper:item/trims/chestplate/copper_chestplate_amethyst_trim",
      "predicate": {
        "trim_type": 1.0
      }
    }
	]
}