{
	"parent": "item/generated",
	"textures": {
	  "layer0": "patina_copper:item/exposed_copper_boots"
	},
	"overrides": [
    {
      "model": "patina_copper:item/trims/boots/exposed_copper_boots_quartz_trim",
      "predicate": {
        "trim_type": 0.1
      }
    },
    {
      "model": "patina_copper:item/trims/boots/exposed_copper_boots_iron_trim",
      "predicate": {
        "trim_type": 0.2
      }
    },
    {
      "model": "patina_copper:item/trims/boots/exposed_copper_boots_netherite_trim",
      "predicate": {
        "trim_type": 0.3
      }
    },
    {
      "model": "patina_copper:item/trims/boots/exposed_copper_boots_redstone_trim",
      "predicate": {
        "trim_type": 0.4
      }
    },
    {
      "model": "patina_copper:item/trims/boots/exposed_copper_boots_copper_trim",
      "predicate": {
        "trim_type": 0.5
      }
    },
    {
      "model": "patina_copper:item/trims/boots/exposed_copper_boots_gold_trim",
      "predicate": {
        "trim_type": 0.6
      }
    },
    {
      "model": "patina_copper:item/trims/boots/exposed_copper_boots_emerald_trim",
      "predicate": {
        "trim_type": 0.7
      }
    },
    {
      "model": "patina_copper:item/trims/boots/exposed_copper_boots_diamond_trim",
      "predicate": {
        "trim_type": 0.8
      }
    },
    {
      "model": "patina_copper:item/trims/boots/exposed_copper_boots_lapis_trim",
      "predicate": {
        "trim_type": 0.9
      }
    },
    {
      "model": "patina_copper:item/trims/boots/exposed_copper_boots_amethyst_trim",
      "predicate": {
        "trim_type": 1.0
      }
    }
	]
}