{
	"parent": "item/generated",
	"textures": {
	  "layer0": "patina_copper:item/oxidized_copper_leggings"
	},
	"overrides": [
    {
      "model": "patina_copper:item/trims/leggings/oxidized_copper_leggings_quartz_trim",
      "predicate": {
        "trim_type": 0.1
      }
    },
    {
      "model": "patina_copper:item/trims/leggings/oxidized_copper_leggings_iron_trim",
      "predicate": {
        "trim_type": 0.2
      }
    },
    {
      "model": "patina_copper:item/trims/leggings/oxidized_copper_leggings_netherite_trim",
      "predicate": {
        "trim_type": 0.3
      }
    },
    {
      "model": "patina_copper:item/trims/leggings/oxidized_copper_leggings_redstone_trim",
      "predicate": {
        "trim_type": 0.4
      }
    },
    {
      "model": "patina_copper:item/trims/leggings/oxidized_copper_leggings_copper_trim",
      "predicate": {
        "trim_type": 0.5
      }
    },
    {
      "model": "patina_copper:item/trims/leggings/oxidized_copper_leggings_gold_trim",
      "predicate": {
        "trim_type": 0.6
      }
    },
    {
      "model": "patina_copper:item/trims/leggings/oxidized_copper_leggings_emerald_trim",
      "predicate": {
        "trim_type": 0.7
      }
    },
    {
      "model": "patina_copper:item/trims/leggings/oxidized_copper_leggings_diamond_trim",
      "predicate": {
        "trim_type": 0.8
      }
    },
    {
      "model": "patina_copper:item/trims/leggings/oxidized_copper_leggings_lapis_trim",
      "predicate": {
        "trim_type": 0.9
      }
    },
    {
      "model": "patina_copper:item/trims/leggings/oxidized_copper_leggings_amethyst_trim",
      "predicate": {
        "trim_type": 1.0
      }
    }
	]
}